{
    "3": 7.683168316831683,
    "4": 4.861386138613861,
    "5": 3.495049504950495,
    "6": 3.0,
    "7": 3.0693069306930694,
    "8": 2.9603960396039604,
    "9": 2.504950495049505,
    "10": 2.4356435643564356
}