{
    "3": 8.623762376237623,
    "4": 4.99009900990099,
    "5": 4.405940594059406,
    "6": 3.1485148514851486,
    "7": 3.277227722772277,
    "8": 3.128712871287129,
    "9": 2.98019801980198,
    "10": 2.7524752475247523
}